,rev_id
14,516633096
21,550682925
51,627547024
204,671484594
301,684023803
302,684023859
483,698572327
547,699260156
736,703773782
1183,706810694
1626,709508670
1968,711288191
2228,712872338
2229,712872421
2230,712872473
2231,712872531
2232,712873183
2233,712873308
2234,712873386
2240,712878000
2241,712878267
2242,712878343
2243,712878396
2245,712881543
2246,712881676
2247,712881741
2248,712881882
2251,712889562
2252,712889594
2253,712889683
2254,712889781
2255,712889809
2256,712891291
2257,712891354
2258,712891378
2259,712891476
2377,713368646
2565,714352602
2878,715273866
2974,715534283
3665,717927381
4035,719521006
4052,719581803
4182,720054719
4292,720356159
4396,720688837
4651,721509220
5343,724052271
5968,726600165
6588,730950147
7125,734957625
7309,736660951
7401,737123608
7791,738514517
7872,738984692
9298,747688056
9333,747922835
9655,749326717
10637,754739349
11129,756697478
12141,757313957
12886,757961591
13336,760194556
13337,760195376
13949,763558111
14084,764019224
14263,764911200
14438,765662083
14562,766101638
15010,768013050
15246,768871687
15937,771213598
16034,771642775
16467,773355081
16626,774023957
16708,774293013
17571,777163201
18254,779101752
18266,779135011
18776,779954797
18779,779957437
19439,782170063
20010,783382630
21535,786721553
21827,787181453
22094,787391918
22115,787398581
23015,788310383
23448,788722110
24408,788844423
25622,789080627
26017,789271422
26128,789281061
26171,789285762
26178,789286413
28191,790028876
28348,790147995
29641,791866288
29977,792400552
30205,792857662
30251,792933603
30497,793280504
31226,794311724
31626,794866848
31771,794990759
32226,795588781
33696,797311794
35245,798891126
35669,799263010
35987,799540668
36344,799880073
36414,799933274
36623,800144885
36949,800299837
37135,800471126
37216,800574730
38096,801306872
38614,801638735
38784,801835819
39113,802148439
39550,802475516
39584,802515929
39895,802765034
40042,802904214
40092,802937732
40510,803413615
40594,803484030
40902,803784385
41237,804057093
41331,804118645
41395,804158476
41772,804473605
42026,804697858
42121,804791599
42366,804945338
42379,804946658
42573,805041930
42819,805211553
43113,805420467
43661,805788048
43905,805936041
43984,805993160
44042,806030859
44263,806179522
44349,806223655
44606,806372496
45134,806695084
45342,806811023
45921,807161510
46014,807196681
46287,807336308
46367,807367030
46368,807367166
46686,807479587
46700,807484325
